<?xml version="1.0" encoding="UTF-8" ?>
<system>
    <client id="320">
        <firstname>Rustam</firstname>
        <lastname>Bek</lastname>
        <age>23</age>
        <birth_date>18.2.1994</birth_date>
        <nationality>Uzbekistan</nationality>
        <passport>
            <passport_number>JK989821</passport_number>
            <passport_issue_date>21.10.2000</passport_issue_date>
            <passport_expiration_date>21.10.2020</passport_expiration_date>
        </passport>
        <national_id>
            <national_id_number>JU123232</national_id_number>
            <natinal_id_issue_date>21.10.2000</natinal_id_issue_date>
            <national_id_expiration_date>21.10.2020</national_id_expiration_date>
        </national_id>
        <driving_license>
            <driving_license_number>UI90233232</driving_license_number>
            <driving_license_issue_date>21.10.2000</driving_license_issue_date>
            <driving_license_expiration>21.10.2020</driving_license_expiration>
        </driving_license>
        <driving_experience>5</driving_experience>
        <address>
            <country>Uzbekistan</country>
            <city>Samarkand</city>
            <street>Ismailova</street>
            <number>302B</number>
            <flat>30</flat>
            <zip>120000</zip>
        </address>
        <criminal_records>0</criminal_records>
        <number_of_car_accidents>0</number_of_car_accidents>
        <insurance id="YU113232">
            <insurance_company>VZP</insurance_company>
            <insurance_expiration>12.03.2018</insurance_expiration>
            <insurance_maximum>800000</insurance_maximum>
        </insurance>
        <car id="190">
            <license_plate>U308K</license_plate>
            <manufacturer country="DE">Mercedes</manufacturer>
            <model>CLK</model>
            <color>Black</color>
            <year restyling="yes">2010</year>
            <status>functioning</status>
            <rental_rate period="daily">1000</rental_rate>
            <gear>Manual</gear>
            <engine_number type="electro">HJ123</engine_number>
        </car>
        <rent>
            <date_of_pickup>06.05.2017</date_of_pickup>
            <date_of_return>10.05.2017</date_of_return>
        </rent>
        <contacts>
            <phone type="private">888999666</phone>
            <phone type="emergency">123789234</phone>
            <phone type="next_of_kin">345789273</phone>
            <email>rustya@hotmail.com</email>
        </contacts>
    </client>
    <client id="321">
        <firstname>Konstantin</firstname>
        <lastname>Svitin</lastname>
        <age>66</age>
        <birth_date>18.2.1954</birth_date>
        <nationality>Serbia</nationality>
        <passport>
            <passport_number>UI65783</passport_number>
            <passport_issue_date>13.10.2000</passport_issue_date>
            <passport_expiration_date>13.10.2020</passport_expiration_date>
        </passport>
        <national_id>
            <national_id_number>IK890345</national_id_number>
            <natinal_id_issue_date>13.10.2000</natinal_id_issue_date>
            <national_id_expiration_date>13.10.2020</national_id_expiration_date>
        </national_id>
        <driving_license>
            <driving_license_number>KI929383</driving_license_number>
            <driving_license_issue_date>13.10.2000</driving_license_issue_date>
            <driving_license_expiration>13.10.2020</driving_license_expiration>
        </driving_license>
        <driving_experience>23</driving_experience>
        <address>
            <country>Serbia</country>
            <city>Brest</city>
            <street>Kopernikova</street>
            <number>90</number>
            <flat>1</flat>
            <zip>345919</zip>
        </address>
        <criminal_records>1</criminal_records>
        <number_of_car_accidents>10</number_of_car_accidents>
        <insurance id="YU113232">
            <insurance_company>Srbska Heta</insurance_company>
            <insurance_expiration>12.03.2018</insurance_expiration>
            <insurance_maximum>1000000</insurance_maximum>
        </insurance>
        <car id="345">
            <license_plate>R123Z</license_plate>
            <manufacturer country="DE">Mercedes</manufacturer>
            <model>CLK</model>
            <color>Black</color>
            <year restyling="no">2010</year>
            <status>functioning</status>
            <rental_rate period="daily">1000</rental_rate>
            <gear>Manual</gear>
            <engine_number type="electro">QW124</engine_number>
        </car>
        <rent>
            <date_of_pickup>07.05.2017</date_of_pickup>
            <date_of_return>17.05.2017</date_of_return>
        </rent>
        <contacts>
            <phone type="private">767585464</phone>
            <phone type="emergency">848475737</phone>
            <phone type="next_of_kin">272838292</phone>
            <email>kostya@hotmail.com</email>
        </contacts>
    </client>
    <client id="322">
        <firstname>Jimmy</firstname>
        <lastname>Johnson</lastname>
        <age>23</age>
        <birth_date>11.2.1994</birth_date>
        <nationality>Kazakhstan</nationality>
        <passport>
            <passport_number>KI322191</passport_number>
            <passport_issue_date>11.10.2000</passport_issue_date>
            <passport_expiration_date>11.10.2020</passport_expiration_date>
        </passport>
        <national_id>
            <national_id_number>KW827364</national_id_number>
            <natinal_id_issue_date>11.10.2000</natinal_id_issue_date>
            <national_id_expiration_date>11.10.2020</national_id_expiration_date>
        </national_id>
        <driving_license>
            <driving_license_number>KJ9292373</driving_license_number>
            <driving_license_issue_date>11.10.2000</driving_license_issue_date>
            <driving_license_expiration>11.10.2020</driving_license_expiration>
        </driving_license>
        <driving_experience>3</driving_experience>
        <address>
            <country>Kazakhstan</country>
            <city>Qostanay</city>
            <street>Kairbekova</street>
            <number>122</number>
            <flat>32</flat>
            <zip>189020</zip>
        </address>
        <criminal_records>0</criminal_records>
        <number_of_car_accidents>5</number_of_car_accidents>
        <insurance id="HJ656565">
            <insurance_company>VZP</insurance_company>
            <insurance_expiration>12.03.2018</insurance_expiration>
            <insurance_maximum>800000</insurance_maximum>
        </insurance>
        <car id="180">
            <license_plate>K890D</license_plate>
            <manufacturer country="DE">BMW</manufacturer>
            <model>520i</model>
            <color>White</color>
            <year restyling="yes">2015</year>
            <status>functioning</status>
            <rental_rate period="daily">2000</rental_rate>
            <gear>Manual</gear>
            <engine_number type="electro">I777J</engine_number>
        </car>
        <rent>
            <date_of_pickup>08.05.2017</date_of_pickup>
            <date_of_return>18.05.2017</date_of_return>
        </rent>
        <contacts>
            <phone type="private">272464585</phone>
            <phone type="emergency">191828474</phone>
            <phone type="next_of_kin">123788334</phone>
            <email>aipadbek@hotmail.com</email>
        </contacts>
    </client>
    <client id="323">
        <firstname>Alexey</firstname>
        <lastname>Kuleshov</lastname>
        <age>23</age>
        <birth_date>18.4.1994</birth_date>
        <nationality>Ukraine</nationality>
        <passport>
            <passport_number>KO123456</passport_number>
            <passport_issue_date>15.10.2000</passport_issue_date>
            <passport_expiration_date>15.10.2020</passport_expiration_date>
        </passport>
        <national_id>
            <national_id_number>KO8485757</national_id_number>
            <natinal_id_issue_date>15.10.2000</natinal_id_issue_date>
            <national_id_expiration_date>15.10.2020</national_id_expiration_date>
        </national_id>
        <driving_license>
            <driving_license_number>KU890123</driving_license_number>
            <driving_license_issue_date>15.10.2000</driving_license_issue_date>
            <driving_license_expiration>15.10.2020</driving_license_expiration>
        </driving_license>
        <driving_experience>3</driving_experience>
        <address>
            <country>Ukraine</country>
            <city>Kiev</city>
            <street>Uslanova</street>
            <number>17</number>
            <flat>1</flat>
            <zip>19000</zip>
        </address>
        <criminal_records>2</criminal_records>
        <number_of_car_accidents>0</number_of_car_accidents>
        <insurance id="KI123432">
            <insurance_company>UKP</insurance_company>
            <insurance_expiration>15.03.2018</insurance_expiration>
            <insurance_maximum>100000</insurance_maximum>
        </insurance>
        <car id="120">
            <license_plate>U123F</license_plate>
            <manufacturer country="DE">Audi</manufacturer>
            <model>A5</model>
            <color>Dark blue</color>
            <year restyling="no">2017</year>
            <status>functioning</status>
            <rental_rate period="daily">3000</rental_rate>
            <gear>Manual</gear>
            <engine_number type="electro">KOK9</engine_number>
        </car>
        <rent>
            <date_of_pickup>12.05.2017</date_of_pickup>
            <date_of_return>12.05.2017</date_of_return>
        </rent>
        <contacts>
            <phone type="private">332144325</phone>
            <phone type="emergency">789347383</phone>
            <phone type="next_of_kin">939484393</phone>
            <email>alexey@hotmail.com</email>
        </contacts>
    </client>
    <client id="324">
        <firstname>Benjamin</firstname>
        <lastname>Bangladesh</lastname>
        <age>20</age>
        <birth_date>11.3.1997</birth_date>
        <nationality>United Kingdom</nationality>
        <passport>
            <passport_number>KI123123</passport_number>
            <passport_issue_date>25.10.2000</passport_issue_date>
            <passport_expiration_date>25.10.2020</passport_expiration_date>
        </passport>
        <national_id>
            <national_id_number>UK123007</national_id_number>
            <natinal_id_issue_date>25.10.2000</natinal_id_issue_date>
            <national_id_expiration_date>25.10.2020</national_id_expiration_date>
        </national_id>
        <driving_license>
            <driving_license_number>JK389345</driving_license_number>
            <driving_license_issue_date>25.10.2000</driving_license_issue_date>
            <driving_license_expiration>25.10.2020</driving_license_expiration>
        </driving_license>
        <driving_experience>1</driving_experience>
        <address>
            <country>England</country>
            <city>London</city>
            <street>Wilson</street>
            <number>420</number>
            <flat>40</flat>
            <zip>13906</zip>
        </address>
        <criminal_records>5</criminal_records>
        <number_of_car_accidents>1</number_of_car_accidents>
        <insurance id="KJ903278">
            <insurance_company>London Health</insurance_company>
            <insurance_expiration>16.03.2018</insurance_expiration>
            <insurance_maximum>1100000</insurance_maximum>
        </insurance>
        <car id="543">
            <license_plate>J383U</license_plate>
            <manufacturer country="DE">Mercedes</manufacturer>
            <model>CLK</model>
            <color>Brown</color>
            <year restyling="yes">2015</year>
            <status>functioning</status>
            <rental_rate period="daily">1400</rental_rate>
            <gear>Automatic</gear>
            <engine_number type="electro">MK341</engine_number>
        </car>
        <rent>
            <date_of_pickup>12.05.2017</date_of_pickup>
            <date_of_return>22.05.2017</date_of_return>
        </rent>
        <contacts>
            <phone type="private">9084567345</phone>
            <phone type="emergency">875901321</phone>
            <phone type="next_of_kin">321227848</phone>
            <email>englishbanglish@hotmail.com</email>
        </contacts>
    </client>
</system>